Headline,Source,Publication Date,News Summary,Category,Sentiment,Keywords,Original Article Link
Tech News 1: Breakthrough in Cloud Computing,Forbes,2023-06-21,Recent advancements in Autonomous Vehicles highlight key developments and future trends.,Quantum Computing,Positive,"Deep Learning, 5G Networks, Tech Regulation",https://example.com/news/1
Tech News 2: Breakthrough in Cloud Computing,Forbes,2022-02-20,Recent advancements in Autonomous Vehicles highlight key developments and future trends.,Tech Startups,Neutral,"Neural Networks, Cybersecurity Threats, Tech Regulation",https://example.com/news/2
Tech News 3: Breakthrough in Cybersecurity,TechCrunch,2021-11-11,Recent advancements in Cybersecurity highlight key developments and future trends.,Autonomous Vehicles,Negative,"Deep Learning, Cybersecurity Threats, 5G Networks",https://example.com/news/3
Tech News 4: Breakthrough in Cybersecurity,Wired,2021-01-02,Recent advancements in Quantum Computing highlight key developments and future trends.,Tech Startups,Positive,"Tech Regulation, AI Ethics, 5G Networks",https://example.com/news/4
Tech News 5: Breakthrough in Cloud Computing,Forbes,2024-09-25,Recent advancements in Big Data highlight key developments and future trends.,Big Data,Positive,"5G Networks, Cybersecurity Threats, AI Ethics",https://example.com/news/5
Tech News 6: Breakthrough in Quantum Computing,Forbes,2022-06-13,Recent advancements in Tech Startups highlight key developments and future trends.,Tech Startups,Neutral,"AI Ethics, Deep Learning, Tech Regulation",https://example.com/news/6
Tech News 7: Breakthrough in Cybersecurity,Ars Technica,2022-04-14,Recent advancements in Quantum Computing highlight key developments and future trends.,Artificial Intelligence,Positive,"5G Networks, AI Ethics, Deep Learning",https://example.com/news/7
Tech News 8: Breakthrough in Autonomous Vehicles,VentureBeat,2020-08-24,Recent advancements in Tech Startups highlight key developments and future trends.,Blockchain,Positive,"Tech Regulation, Neural Networks, 5G Networks",https://example.com/news/8
Tech News 9: Breakthrough in Autonomous Vehicles,The Verge,2022-03-05,Recent advancements in Big Data highlight key developments and future trends.,Cybersecurity,Positive,"5G Networks, Deep Learning, Cybersecurity Threats",https://example.com/news/9
Tech News 10: Breakthrough in Big Data,TechCrunch,2021-01-09,Recent advancements in Tech Startups highlight key developments and future trends.,Autonomous Vehicles,Negative,"Deep Learning, Tech Regulation, Cybersecurity Threats",https://example.com/news/10
Tech News 11: Breakthrough in Blockchain,BBC Tech,2023-09-15,Recent advancements in Cybersecurity highlight key developments and future trends.,Tech Startups,Positive,"Cybersecurity Threats, AI Ethics, Deep Learning",https://example.com/news/11
Tech News 12: Breakthrough in Cloud Computing,TechCrunch,2022-08-16,Recent advancements in Artificial Intelligence highlight key developments and future trends.,Cybersecurity,Negative,"Cybersecurity Threats, Tech Regulation, AI Ethics",https://example.com/news/12
Tech News 13: Breakthrough in Tech Startups,TechCrunch,2024-12-10,Recent advancements in Big Data highlight key developments and future trends.,Tech Startups,Neutral,"Neural Networks, Tech Regulation, Cybersecurity Threats",https://example.com/news/13
Tech News 14: Breakthrough in Blockchain,Wired,2022-01-21,Recent advancements in Cybersecurity highlight key developments and future trends.,Quantum Computing,Negative,"Tech Regulation, 5G Networks, Cybersecurity Threats",https://example.com/news/14
Tech News 15: Breakthrough in Tech Startups,Ars Technica,2023-06-26,Recent advancements in Cybersecurity highlight key developments and future trends.,Autonomous Vehicles,Neutral,"Neural Networks, Cybersecurity Threats, AI Ethics",https://example.com/news/15
Tech News 16: Breakthrough in Cybersecurity,Forbes,2024-04-01,Recent advancements in Quantum Computing highlight key developments and future trends.,Autonomous Vehicles,Negative,"Neural Networks, Deep Learning, 5G Networks",https://example.com/news/16
Tech News 17: Breakthrough in Cybersecurity,Ars Technica,2023-09-11,Recent advancements in Autonomous Vehicles highlight key developments and future trends.,Tech Startups,Neutral,"Neural Networks, AI Ethics, Tech Regulation",https://example.com/news/17
Tech News 18: Breakthrough in Artificial Intelligence,Wired,2023-09-25,Recent advancements in Blockchain highlight key developments and future trends.,Cloud Computing,Positive,"Deep Learning, Cybersecurity Threats, 5G Networks",https://example.com/news/18
Tech News 19: Breakthrough in Quantum Computing,BBC Tech,2022-06-23,Recent advancements in Cybersecurity highlight key developments and future trends.,Cybersecurity,Neutral,"AI Ethics, Cybersecurity Threats, Tech Regulation",https://example.com/news/19
Tech News 20: Breakthrough in Cybersecurity,Ars Technica,2024-07-22,Recent advancements in Autonomous Vehicles highlight key developments and future trends.,Tech Startups,Positive,"Tech Regulation, Neural Networks, Deep Learning",https://example.com/news/20
Tech News 21: Breakthrough in Blockchain,Forbes,2024-09-11,Recent advancements in Big Data highlight key developments and future trends.,Artificial Intelligence,Neutral,"AI Ethics, Cybersecurity Threats, 5G Networks",https://example.com/news/21
Tech News 22: Breakthrough in Big Data,The Verge,2023-08-17,Recent advancements in Blockchain highlight key developments and future trends.,Cybersecurity,Negative,"Tech Regulation, Neural Networks, Cybersecurity Threats",https://example.com/news/22
Tech News 23: Breakthrough in Big Data,Wired,2023-05-09,Recent advancements in Autonomous Vehicles highlight key developments and future trends.,Cloud Computing,Negative,"AI Ethics, 5G Networks, Tech Regulation",https://example.com/news/23
Tech News 24: Breakthrough in Blockchain,VentureBeat,2021-07-20,Recent advancements in Autonomous Vehicles highlight key developments and future trends.,Blockchain,Negative,"Cybersecurity Threats, 5G Networks, Neural Networks",https://example.com/news/24
Tech News 25: Breakthrough in Artificial Intelligence,Wired,2024-06-17,Recent advancements in Big Data highlight key developments and future trends.,Cybersecurity,Negative,"Deep Learning, AI Ethics, Cybersecurity Threats",https://example.com/news/25
Tech News 26: Breakthrough in Quantum Computing,Wired,2020-04-14,Recent advancements in Artificial Intelligence highlight key developments and future trends.,Cloud Computing,Negative,"Cybersecurity Threats, Tech Regulation, Neural Networks",https://example.com/news/26
Tech News 27: Breakthrough in Artificial Intelligence,Ars Technica,2024-11-27,Recent advancements in Cloud Computing highlight key developments and future trends.,Blockchain,Negative,"AI Ethics, Deep Learning, Tech Regulation",https://example.com/news/27
Tech News 28: Breakthrough in Cloud Computing,BBC Tech,2021-02-13,Recent advancements in Quantum Computing highlight key developments and future trends.,Blockchain,Positive,"AI Ethics, Tech Regulation, Neural Networks",https://example.com/news/28
Tech News 29: Breakthrough in Cybersecurity,Wired,2021-10-20,Recent advancements in Quantum Computing highlight key developments and future trends.,Blockchain,Negative,"5G Networks, Tech Regulation, Deep Learning",https://example.com/news/29
Tech News 30: Breakthrough in Artificial Intelligence,The Verge,2024-03-03,Recent advancements in Quantum Computing highlight key developments and future trends.,Blockchain,Negative,"5G Networks, Neural Networks, Tech Regulation",https://example.com/news/30
Tech News 31: Breakthrough in Tech Startups,BBC Tech,2024-07-19,Recent advancements in Tech Startups highlight key developments and future trends.,Big Data,Negative,"Cybersecurity Threats, Neural Networks, 5G Networks",https://example.com/news/31
Tech News 32: Breakthrough in Blockchain,VentureBeat,2023-07-22,Recent advancements in Big Data highlight key developments and future trends.,Cybersecurity,Neutral,"5G Networks, AI Ethics, Deep Learning",https://example.com/news/32
Tech News 33: Breakthrough in Big Data,TechCrunch,2023-08-20,Recent advancements in Big Data highlight key developments and future trends.,Autonomous Vehicles,Neutral,"Tech Regulation, Cybersecurity Threats, Neural Networks",https://example.com/news/33
Tech News 34: Breakthrough in Cybersecurity,TechCrunch,2022-07-20,Recent advancements in Cybersecurity highlight key developments and future trends.,Big Data,Neutral,"5G Networks, Cybersecurity Threats, Tech Regulation",https://example.com/news/34
Tech News 35: Breakthrough in Big Data,Wired,2020-08-26,Recent advancements in Artificial Intelligence highlight key developments and future trends.,Cloud Computing,Positive,"5G Networks, AI Ethics, Cybersecurity Threats",https://example.com/news/35
Tech News 36: Breakthrough in Cybersecurity,MIT Tech Review,2020-02-18,Recent advancements in Tech Startups highlight key developments and future trends.,Artificial Intelligence,Negative,"Deep Learning, Neural Networks, Tech Regulation",https://example.com/news/36
Tech News 37: Breakthrough in Tech Startups,MIT Tech Review,2020-08-14,Recent advancements in Cloud Computing highlight key developments and future trends.,Cybersecurity,Positive,"Tech Regulation, Deep Learning, AI Ethics",https://example.com/news/37
Tech News 38: Breakthrough in Tech Startups,Ars Technica,2023-05-17,Recent advancements in Autonomous Vehicles highlight key developments and future trends.,Big Data,Positive,"Cybersecurity Threats, Tech Regulation, 5G Networks",https://example.com/news/38
Tech News 39: Breakthrough in Cybersecurity,MIT Tech Review,2022-07-01,Recent advancements in Quantum Computing highlight key developments and future trends.,Artificial Intelligence,Neutral,"Deep Learning, Neural Networks, Tech Regulation",https://example.com/news/39
Tech News 40: Breakthrough in Quantum Computing,Wired,2023-12-28,Recent advancements in Artificial Intelligence highlight key developments and future trends.,Artificial Intelligence,Negative,"Tech Regulation, AI Ethics, 5G Networks",https://example.com/news/40
Tech News 41: Breakthrough in Cybersecurity,TechCrunch,2023-08-20,Recent advancements in Blockchain highlight key developments and future trends.,Artificial Intelligence,Positive,"Neural Networks, AI Ethics, 5G Networks",https://example.com/news/41
Tech News 42: Breakthrough in Quantum Computing,MIT Tech Review,2022-07-08,Recent advancements in Autonomous Vehicles highlight key developments and future trends.,Cloud Computing,Negative,"Deep Learning, AI Ethics, Tech Regulation",https://example.com/news/42
Tech News 43: Breakthrough in Autonomous Vehicles,Forbes,2023-05-15,Recent advancements in Autonomous Vehicles highlight key developments and future trends.,Cloud Computing,Neutral,"AI Ethics, Neural Networks, Deep Learning",https://example.com/news/43
Tech News 44: Breakthrough in Cybersecurity,VentureBeat,2022-05-10,Recent advancements in Blockchain highlight key developments and future trends.,Tech Startups,Neutral,"Deep Learning, Cybersecurity Threats, Neural Networks",https://example.com/news/44
Tech News 45: Breakthrough in Autonomous Vehicles,Ars Technica,2020-06-18,Recent advancements in Big Data highlight key developments and future trends.,Quantum Computing,Neutral,"AI Ethics, Tech Regulation, 5G Networks",https://example.com/news/45
Tech News 46: Breakthrough in Artificial Intelligence,The Verge,2024-11-13,Recent advancements in Blockchain highlight key developments and future trends.,Artificial Intelligence,Neutral,"Tech Regulation, Deep Learning, AI Ethics",https://example.com/news/46
Tech News 47: Breakthrough in Tech Startups,Wired,2022-09-01,Recent advancements in Autonomous Vehicles highlight key developments and future trends.,Quantum Computing,Neutral,"Tech Regulation, 5G Networks, Deep Learning",https://example.com/news/47
Tech News 48: Breakthrough in Autonomous Vehicles,BBC Tech,2024-06-08,Recent advancements in Artificial Intelligence highlight key developments and future trends.,Autonomous Vehicles,Positive,"Cybersecurity Threats, Deep Learning, 5G Networks",https://example.com/news/48
Tech News 49: Breakthrough in Blockchain,VentureBeat,2020-05-18,Recent advancements in Tech Startups highlight key developments and future trends.,Big Data,Negative,"Deep Learning, AI Ethics, Neural Networks",https://example.com/news/49
Tech News 50: Breakthrough in Autonomous Vehicles,Ars Technica,2023-03-12,Recent advancements in Tech Startups highlight key developments and future trends.,Big Data,Neutral,"Tech Regulation, Neural Networks, Cybersecurity Threats",https://example.com/news/50
Tech News 51: Breakthrough in Quantum Computing,Forbes,2023-07-05,Recent advancements in Artificial Intelligence highlight key developments and future trends.,Big Data,Negative,"Cybersecurity Threats, 5G Networks, Tech Regulation",https://example.com/news/51
Tech News 52: Breakthrough in Blockchain,The Verge,2023-08-07,Recent advancements in Big Data highlight key developments and future trends.,Quantum Computing,Neutral,"Deep Learning, Tech Regulation, AI Ethics",https://example.com/news/52
Tech News 53: Breakthrough in Cloud Computing,VentureBeat,2021-07-11,Recent advancements in Cybersecurity highlight key developments and future trends.,Cloud Computing,Negative,"AI Ethics, Neural Networks, Cybersecurity Threats",https://example.com/news/53
Tech News 54: Breakthrough in Cloud Computing,Forbes,2022-02-19,Recent advancements in Cybersecurity highlight key developments and future trends.,Cloud Computing,Positive,"Neural Networks, 5G Networks, AI Ethics",https://example.com/news/54
Tech News 55: Breakthrough in Tech Startups,TechCrunch,2024-07-03,Recent advancements in Quantum Computing highlight key developments and future trends.,Quantum Computing,Positive,"Tech Regulation, 5G Networks, AI Ethics",https://example.com/news/55
Tech News 56: Breakthrough in Artificial Intelligence,MIT Tech Review,2024-07-11,Recent advancements in Blockchain highlight key developments and future trends.,Cybersecurity,Positive,"AI Ethics, 5G Networks, Tech Regulation",https://example.com/news/56
Tech News 57: Breakthrough in Blockchain,TechCrunch,2020-02-08,Recent advancements in Big Data highlight key developments and future trends.,Autonomous Vehicles,Neutral,"Neural Networks, 5G Networks, Tech Regulation",https://example.com/news/57
Tech News 58: Breakthrough in Cybersecurity,Forbes,2021-01-17,Recent advancements in Blockchain highlight key developments and future trends.,Quantum Computing,Negative,"Neural Networks, Cybersecurity Threats, 5G Networks",https://example.com/news/58
Tech News 59: Breakthrough in Blockchain,MIT Tech Review,2024-08-10,Recent advancements in Blockchain highlight key developments and future trends.,Big Data,Negative,"5G Networks, Deep Learning, Neural Networks",https://example.com/news/59
Tech News 60: Breakthrough in Cloud Computing,TechCrunch,2024-02-22,Recent advancements in Cybersecurity highlight key developments and future trends.,Blockchain,Positive,"Deep Learning, 5G Networks, Neural Networks",https://example.com/news/60
Tech News 61: Breakthrough in Tech Startups,Wired,2021-03-25,Recent advancements in Tech Startups highlight key developments and future trends.,Big Data,Negative,"AI Ethics, Deep Learning, 5G Networks",https://example.com/news/61
Tech News 62: Breakthrough in Tech Startups,VentureBeat,2022-03-22,Recent advancements in Artificial Intelligence highlight key developments and future trends.,Big Data,Positive,"5G Networks, Cybersecurity Threats, Deep Learning",https://example.com/news/62
Tech News 63: Breakthrough in Quantum Computing,MIT Tech Review,2020-05-09,Recent advancements in Tech Startups highlight key developments and future trends.,Blockchain,Neutral,"Tech Regulation, Deep Learning, Neural Networks",https://example.com/news/63
Tech News 64: Breakthrough in Quantum Computing,Forbes,2020-03-04,Recent advancements in Cybersecurity highlight key developments and future trends.,Tech Startups,Negative,"Neural Networks, Cybersecurity Threats, 5G Networks",https://example.com/news/64
Tech News 65: Breakthrough in Autonomous Vehicles,MIT Tech Review,2020-11-15,Recent advancements in Cybersecurity highlight key developments and future trends.,Quantum Computing,Negative,"Tech Regulation, Deep Learning, Cybersecurity Threats",https://example.com/news/65
Tech News 66: Breakthrough in Quantum Computing,Ars Technica,2023-06-27,Recent advancements in Big Data highlight key developments and future trends.,Autonomous Vehicles,Positive,"Deep Learning, AI Ethics, Tech Regulation",https://example.com/news/66
Tech News 67: Breakthrough in Big Data,The Verge,2020-03-23,Recent advancements in Big Data highlight key developments and future trends.,Big Data,Negative,"Tech Regulation, 5G Networks, AI Ethics",https://example.com/news/67
Tech News 68: Breakthrough in Cybersecurity,MIT Tech Review,2024-10-20,Recent advancements in Cybersecurity highlight key developments and future trends.,Cloud Computing,Negative,"Deep Learning, Cybersecurity Threats, Tech Regulation",https://example.com/news/68
Tech News 69: Breakthrough in Cloud Computing,Forbes,2024-11-22,Recent advancements in Artificial Intelligence highlight key developments and future trends.,Big Data,Neutral,"5G Networks, Tech Regulation, Deep Learning",https://example.com/news/69
Tech News 70: Breakthrough in Artificial Intelligence,Ars Technica,2022-10-14,Recent advancements in Autonomous Vehicles highlight key developments and future trends.,Blockchain,Positive,"Neural Networks, AI Ethics, Cybersecurity Threats",https://example.com/news/70
Tech News 71: Breakthrough in Artificial Intelligence,VentureBeat,2022-10-27,Recent advancements in Tech Startups highlight key developments and future trends.,Quantum Computing,Neutral,"Tech Regulation, Neural Networks, AI Ethics",https://example.com/news/71
Tech News 72: Breakthrough in Blockchain,Forbes,2022-11-07,Recent advancements in Cloud Computing highlight key developments and future trends.,Autonomous Vehicles,Neutral,"5G Networks, Tech Regulation, Deep Learning",https://example.com/news/72
Tech News 73: Breakthrough in Quantum Computing,Ars Technica,2024-01-15,Recent advancements in Blockchain highlight key developments and future trends.,Autonomous Vehicles,Negative,"Neural Networks, AI Ethics, Deep Learning",https://example.com/news/73
Tech News 74: Breakthrough in Blockchain,MIT Tech Review,2024-08-24,Recent advancements in Big Data highlight key developments and future trends.,Big Data,Neutral,"Cybersecurity Threats, Tech Regulation, 5G Networks",https://example.com/news/74
Tech News 75: Breakthrough in Autonomous Vehicles,VentureBeat,2024-10-26,Recent advancements in Blockchain highlight key developments and future trends.,Tech Startups,Positive,"Tech Regulation, Deep Learning, 5G Networks",https://example.com/news/75
Tech News 76: Breakthrough in Tech Startups,Forbes,2021-02-27,Recent advancements in Tech Startups highlight key developments and future trends.,Artificial Intelligence,Negative,"Neural Networks, AI Ethics, Cybersecurity Threats",https://example.com/news/76
Tech News 77: Breakthrough in Quantum Computing,VentureBeat,2022-02-09,Recent advancements in Autonomous Vehicles highlight key developments and future trends.,Tech Startups,Negative,"AI Ethics, Neural Networks, Deep Learning",https://example.com/news/77
Tech News 78: Breakthrough in Tech Startups,Wired,2020-09-21,Recent advancements in Tech Startups highlight key developments and future trends.,Tech Startups,Neutral,"Neural Networks, Cybersecurity Threats, AI Ethics",https://example.com/news/78
Tech News 79: Breakthrough in Artificial Intelligence,TechCrunch,2021-06-06,Recent advancements in Blockchain highlight key developments and future trends.,Artificial Intelligence,Negative,"AI Ethics, Deep Learning, 5G Networks",https://example.com/news/79
Tech News 80: Breakthrough in Cybersecurity,The Verge,2021-11-16,Recent advancements in Tech Startups highlight key developments and future trends.,Tech Startups,Neutral,"5G Networks, Cybersecurity Threats, Tech Regulation",https://example.com/news/80
Tech News 81: Breakthrough in Cloud Computing,The Verge,2022-04-20,Recent advancements in Cybersecurity highlight key developments and future trends.,Quantum Computing,Negative,"Neural Networks, Deep Learning, 5G Networks",https://example.com/news/81
Tech News 82: Breakthrough in Cybersecurity,Wired,2021-06-25,Recent advancements in Quantum Computing highlight key developments and future trends.,Cybersecurity,Positive,"5G Networks, Tech Regulation, Cybersecurity Threats",https://example.com/news/82
Tech News 83: Breakthrough in Blockchain,The Verge,2024-02-08,Recent advancements in Big Data highlight key developments and future trends.,Cybersecurity,Negative,"Deep Learning, Neural Networks, 5G Networks",https://example.com/news/83
Tech News 84: Breakthrough in Blockchain,TechCrunch,2024-06-18,Recent advancements in Cloud Computing highlight key developments and future trends.,Blockchain,Negative,"5G Networks, Deep Learning, Tech Regulation",https://example.com/news/84
Tech News 85: Breakthrough in Artificial Intelligence,Forbes,2023-11-19,Recent advancements in Autonomous Vehicles highlight key developments and future trends.,Autonomous Vehicles,Positive,"Deep Learning, AI Ethics, 5G Networks",https://example.com/news/85
Tech News 86: Breakthrough in Cloud Computing,MIT Tech Review,2024-06-24,Recent advancements in Artificial Intelligence highlight key developments and future trends.,Cybersecurity,Negative,"Tech Regulation, Deep Learning, Neural Networks",https://example.com/news/86
Tech News 87: Breakthrough in Quantum Computing,The Verge,2024-10-24,Recent advancements in Blockchain highlight key developments and future trends.,Cybersecurity,Positive,"AI Ethics, Deep Learning, Neural Networks",https://example.com/news/87
Tech News 88: Breakthrough in Autonomous Vehicles,Forbes,2022-11-05,Recent advancements in Artificial Intelligence highlight key developments and future trends.,Blockchain,Negative,"5G Networks, Cybersecurity Threats, Neural Networks",https://example.com/news/88
Tech News 89: Breakthrough in Cloud Computing,TechCrunch,2020-01-20,Recent advancements in Tech Startups highlight key developments and future trends.,Cybersecurity,Positive,"Cybersecurity Threats, 5G Networks, AI Ethics",https://example.com/news/89
Tech News 90: Breakthrough in Blockchain,BBC Tech,2022-05-21,Recent advancements in Artificial Intelligence highlight key developments and future trends.,Blockchain,Negative,"Cybersecurity Threats, AI Ethics, Tech Regulation",https://example.com/news/90
Tech News 91: Breakthrough in Tech Startups,The Verge,2023-01-05,Recent advancements in Cybersecurity highlight key developments and future trends.,Blockchain,Positive,"Cybersecurity Threats, 5G Networks, Tech Regulation",https://example.com/news/91
Tech News 92: Breakthrough in Cybersecurity,TechCrunch,2021-04-05,Recent advancements in Cybersecurity highlight key developments and future trends.,Artificial Intelligence,Positive,"Tech Regulation, Neural Networks, 5G Networks",https://example.com/news/92
Tech News 93: Breakthrough in Cybersecurity,VentureBeat,2021-07-21,Recent advancements in Tech Startups highlight key developments and future trends.,Tech Startups,Positive,"Tech Regulation, AI Ethics, 5G Networks",https://example.com/news/93
Tech News 94: Breakthrough in Tech Startups,Wired,2020-07-18,Recent advancements in Quantum Computing highlight key developments and future trends.,Cybersecurity,Negative,"AI Ethics, 5G Networks, Cybersecurity Threats",https://example.com/news/94
Tech News 95: Breakthrough in Blockchain,The Verge,2024-04-18,Recent advancements in Blockchain highlight key developments and future trends.,Artificial Intelligence,Neutral,"Tech Regulation, Deep Learning, Cybersecurity Threats",https://example.com/news/95
Tech News 96: Breakthrough in Tech Startups,TechCrunch,2024-01-12,Recent advancements in Artificial Intelligence highlight key developments and future trends.,Tech Startups,Negative,"Tech Regulation, Cybersecurity Threats, Deep Learning",https://example.com/news/96
Tech News 97: Breakthrough in Quantum Computing,Wired,2024-07-21,Recent advancements in Big Data highlight key developments and future trends.,Big Data,Neutral,"Tech Regulation, Neural Networks, Cybersecurity Threats",https://example.com/news/97
Tech News 98: Breakthrough in Cloud Computing,The Verge,2022-04-11,Recent advancements in Autonomous Vehicles highlight key developments and future trends.,Autonomous Vehicles,Negative,"Tech Regulation, Cybersecurity Threats, Neural Networks",https://example.com/news/98
Tech News 99: Breakthrough in Blockchain,Forbes,2022-07-20,Recent advancements in Artificial Intelligence highlight key developments and future trends.,Big Data,Neutral,"5G Networks, Deep Learning, AI Ethics",https://example.com/news/99
Tech News 100: Breakthrough in Quantum Computing,Forbes,2020-02-01,Recent advancements in Cybersecurity highlight key developments and future trends.,Autonomous Vehicles,Positive,"Cybersecurity Threats, Tech Regulation, Deep Learning",https://example.com/news/100
Tech News 101: Breakthrough in Tech Startups,Ars Technica,2023-04-14,Recent advancements in Artificial Intelligence highlight key developments and future trends.,Cloud Computing,Positive,"AI Ethics, 5G Networks, Deep Learning",https://example.com/news/101
Tech News 102: Breakthrough in Quantum Computing,Ars Technica,2023-04-10,Recent advancements in Blockchain highlight key developments and future trends.,Autonomous Vehicles,Negative,"AI Ethics, Deep Learning, Neural Networks",https://example.com/news/102
Tech News 103: Breakthrough in Quantum Computing,BBC Tech,2024-06-09,Recent advancements in Artificial Intelligence highlight key developments and future trends.,Cybersecurity,Positive,"Neural Networks, Deep Learning, AI Ethics",https://example.com/news/103
Tech News 104: Breakthrough in Cybersecurity,The Verge,2022-02-25,Recent advancements in Cybersecurity highlight key developments and future trends.,Cybersecurity,Positive,"Tech Regulation, 5G Networks, Neural Networks",https://example.com/news/104
Tech News 105: Breakthrough in Cybersecurity,BBC Tech,2021-04-23,Recent advancements in Blockchain highlight key developments and future trends.,Tech Startups,Positive,"AI Ethics, Deep Learning, Neural Networks",https://example.com/news/105
Tech News 106: Breakthrough in Big Data,BBC Tech,2022-08-26,Recent advancements in Blockchain highlight key developments and future trends.,Cloud Computing,Negative,"5G Networks, Neural Networks, Cybersecurity Threats",https://example.com/news/106
Tech News 107: Breakthrough in Cybersecurity,Ars Technica,2021-02-22,Recent advancements in Tech Startups highlight key developments and future trends.,Big Data,Positive,"Neural Networks, Tech Regulation, Cybersecurity Threats",https://example.com/news/107
Tech News 108: Breakthrough in Cloud Computing,Wired,2023-07-01,Recent advancements in Quantum Computing highlight key developments and future trends.,Autonomous Vehicles,Positive,"Cybersecurity Threats, Deep Learning, Neural Networks",https://example.com/news/108
Tech News 109: Breakthrough in Big Data,Ars Technica,2024-10-06,Recent advancements in Artificial Intelligence highlight key developments and future trends.,Cloud Computing,Positive,"Deep Learning, 5G Networks, Neural Networks",https://example.com/news/109
Tech News 110: Breakthrough in Quantum Computing,The Verge,2022-08-24,Recent advancements in Cloud Computing highlight key developments and future trends.,Autonomous Vehicles,Negative,"AI Ethics, 5G Networks, Deep Learning",https://example.com/news/110
Tech News 111: Breakthrough in Big Data,TechCrunch,2024-05-09,Recent advancements in Artificial Intelligence highlight key developments and future trends.,Cloud Computing,Positive,"Neural Networks, Tech Regulation, Cybersecurity Threats",https://example.com/news/111
Tech News 112: Breakthrough in Tech Startups,Forbes,2022-01-27,Recent advancements in Tech Startups highlight key developments and future trends.,Big Data,Negative,"Tech Regulation, Deep Learning, Cybersecurity Threats",https://example.com/news/112
Tech News 113: Breakthrough in Tech Startups,Wired,2024-09-05,Recent advancements in Autonomous Vehicles highlight key developments and future trends.,Autonomous Vehicles,Positive,"Tech Regulation, Deep Learning, Cybersecurity Threats",https://example.com/news/113
Tech News 114: Breakthrough in Blockchain,The Verge,2021-12-11,Recent advancements in Tech Startups highlight key developments and future trends.,Artificial Intelligence,Negative,"Deep Learning, Neural Networks, Tech Regulation",https://example.com/news/114
Tech News 115: Breakthrough in Blockchain,VentureBeat,2023-02-08,Recent advancements in Quantum Computing highlight key developments and future trends.,Tech Startups,Neutral,"AI Ethics, Deep Learning, 5G Networks",https://example.com/news/115
Tech News 116: Breakthrough in Quantum Computing,The Verge,2024-07-28,Recent advancements in Cloud Computing highlight key developments and future trends.,Cybersecurity,Neutral,"Deep Learning, Tech Regulation, Cybersecurity Threats",https://example.com/news/116
Tech News 117: Breakthrough in Quantum Computing,Forbes,2022-01-26,Recent advancements in Quantum Computing highlight key developments and future trends.,Tech Startups,Negative,"Tech Regulation, Neural Networks, Deep Learning",https://example.com/news/117
Tech News 118: Breakthrough in Big Data,Wired,2024-12-04,Recent advancements in Cloud Computing highlight key developments and future trends.,Quantum Computing,Negative,"Cybersecurity Threats, 5G Networks, Tech Regulation",https://example.com/news/118
Tech News 119: Breakthrough in Big Data,Wired,2020-09-15,Recent advancements in Tech Startups highlight key developments and future trends.,Quantum Computing,Positive,"Neural Networks, AI Ethics, 5G Networks",https://example.com/news/119
Tech News 120: Breakthrough in Cloud Computing,Wired,2024-04-24,Recent advancements in Cloud Computing highlight key developments and future trends.,Quantum Computing,Positive,"Cybersecurity Threats, Neural Networks, AI Ethics",https://example.com/news/120
Tech News 121: Breakthrough in Cybersecurity,VentureBeat,2020-11-03,Recent advancements in Tech Startups highlight key developments and future trends.,Blockchain,Positive,"Neural Networks, Deep Learning, 5G Networks",https://example.com/news/121
Tech News 122: Breakthrough in Cybersecurity,Forbes,2024-01-10,Recent advancements in Cybersecurity highlight key developments and future trends.,Big Data,Negative,"Tech Regulation, 5G Networks, Neural Networks",https://example.com/news/122
Tech News 123: Breakthrough in Cloud Computing,BBC Tech,2021-04-08,Recent advancements in Autonomous Vehicles highlight key developments and future trends.,Cloud Computing,Negative,"Cybersecurity Threats, AI Ethics, Tech Regulation",https://example.com/news/123
Tech News 124: Breakthrough in Blockchain,VentureBeat,2023-06-27,Recent advancements in Quantum Computing highlight key developments and future trends.,Artificial Intelligence,Positive,"Neural Networks, 5G Networks, Deep Learning",https://example.com/news/124
Tech News 125: Breakthrough in Cybersecurity,The Verge,2020-06-08,Recent advancements in Artificial Intelligence highlight key developments and future trends.,Tech Startups,Negative,"Tech Regulation, Deep Learning, AI Ethics",https://example.com/news/125
Tech News 126: Breakthrough in Big Data,Forbes,2024-06-09,Recent advancements in Blockchain highlight key developments and future trends.,Cybersecurity,Negative,"Cybersecurity Threats, Tech Regulation, Deep Learning",https://example.com/news/126
Tech News 127: Breakthrough in Artificial Intelligence,Ars Technica,2023-12-19,Recent advancements in Cloud Computing highlight key developments and future trends.,Tech Startups,Negative,"5G Networks, Deep Learning, Cybersecurity Threats",https://example.com/news/127
Tech News 128: Breakthrough in Artificial Intelligence,Ars Technica,2020-09-04,Recent advancements in Big Data highlight key developments and future trends.,Quantum Computing,Neutral,"AI Ethics, Deep Learning, 5G Networks",https://example.com/news/128
Tech News 129: Breakthrough in Big Data,Ars Technica,2022-02-14,Recent advancements in Tech Startups highlight key developments and future trends.,Artificial Intelligence,Neutral,"Neural Networks, 5G Networks, Deep Learning",https://example.com/news/129
Tech News 130: Breakthrough in Blockchain,Wired,2021-12-08,Recent advancements in Autonomous Vehicles highlight key developments and future trends.,Big Data,Positive,"AI Ethics, Neural Networks, Tech Regulation",https://example.com/news/130
Tech News 131: Breakthrough in Cybersecurity,Wired,2024-04-08,Recent advancements in Blockchain highlight key developments and future trends.,Quantum Computing,Positive,"Neural Networks, 5G Networks, Deep Learning",https://example.com/news/131
Tech News 132: Breakthrough in Cloud Computing,TechCrunch,2024-09-02,Recent advancements in Cybersecurity highlight key developments and future trends.,Cybersecurity,Neutral,"Cybersecurity Threats, Tech Regulation, Deep Learning",https://example.com/news/132
Tech News 133: Breakthrough in Autonomous Vehicles,Ars Technica,2024-09-16,Recent advancements in Cybersecurity highlight key developments and future trends.,Artificial Intelligence,Positive,"AI Ethics, Deep Learning, Tech Regulation",https://example.com/news/133
Tech News 134: Breakthrough in Cybersecurity,VentureBeat,2024-11-18,Recent advancements in Cybersecurity highlight key developments and future trends.,Tech Startups,Neutral,"Tech Regulation, Deep Learning, Cybersecurity Threats",https://example.com/news/134
Tech News 135: Breakthrough in Tech Startups,Ars Technica,2022-11-04,Recent advancements in Artificial Intelligence highlight key developments and future trends.,Cybersecurity,Negative,"Cybersecurity Threats, Tech Regulation, AI Ethics",https://example.com/news/135
Tech News 136: Breakthrough in Autonomous Vehicles,Forbes,2021-10-09,Recent advancements in Artificial Intelligence highlight key developments and future trends.,Quantum Computing,Neutral,"Neural Networks, 5G Networks, Cybersecurity Threats",https://example.com/news/136
Tech News 137: Breakthrough in Big Data,The Verge,2024-04-04,Recent advancements in Artificial Intelligence highlight key developments and future trends.,Autonomous Vehicles,Negative,"5G Networks, AI Ethics, Deep Learning",https://example.com/news/137
Tech News 138: Breakthrough in Tech Startups,The Verge,2021-12-12,Recent advancements in Autonomous Vehicles highlight key developments and future trends.,Blockchain,Neutral,"Cybersecurity Threats, Tech Regulation, Deep Learning",https://example.com/news/138
Tech News 139: Breakthrough in Autonomous Vehicles,BBC Tech,2023-06-04,Recent advancements in Cloud Computing highlight key developments and future trends.,Cloud Computing,Negative,"Neural Networks, Cybersecurity Threats, AI Ethics",https://example.com/news/139
Tech News 140: Breakthrough in Tech Startups,BBC Tech,2023-05-07,Recent advancements in Cybersecurity highlight key developments and future trends.,Quantum Computing,Negative,"Tech Regulation, AI Ethics, 5G Networks",https://example.com/news/140
Tech News 141: Breakthrough in Tech Startups,TechCrunch,2024-12-08,Recent advancements in Tech Startups highlight key developments and future trends.,Tech Startups,Positive,"Cybersecurity Threats, Tech Regulation, 5G Networks",https://example.com/news/141
Tech News 142: Breakthrough in Quantum Computing,BBC Tech,2020-10-14,Recent advancements in Cybersecurity highlight key developments and future trends.,Cloud Computing,Positive,"AI Ethics, Deep Learning, Cybersecurity Threats",https://example.com/news/142
Tech News 143: Breakthrough in Cybersecurity,TechCrunch,2022-09-10,Recent advancements in Quantum Computing highlight key developments and future trends.,Cloud Computing,Neutral,"Neural Networks, Tech Regulation, AI Ethics",https://example.com/news/143
Tech News 144: Breakthrough in Autonomous Vehicles,VentureBeat,2022-10-05,Recent advancements in Cloud Computing highlight key developments and future trends.,Blockchain,Neutral,"AI Ethics, Tech Regulation, Cybersecurity Threats",https://example.com/news/144
Tech News 145: Breakthrough in Tech Startups,Forbes,2020-11-26,Recent advancements in Cloud Computing highlight key developments and future trends.,Artificial Intelligence,Neutral,"Cybersecurity Threats, Tech Regulation, 5G Networks",https://example.com/news/145
Tech News 146: Breakthrough in Cloud Computing,MIT Tech Review,2020-08-10,Recent advancements in Artificial Intelligence highlight key developments and future trends.,Artificial Intelligence,Positive,"Cybersecurity Threats, 5G Networks, Neural Networks",https://example.com/news/146
Tech News 147: Breakthrough in Artificial Intelligence,MIT Tech Review,2021-06-03,Recent advancements in Big Data highlight key developments and future trends.,Tech Startups,Positive,"Cybersecurity Threats, Neural Networks, AI Ethics",https://example.com/news/147
Tech News 148: Breakthrough in Tech Startups,Wired,2021-04-13,Recent advancements in Cloud Computing highlight key developments and future trends.,Big Data,Neutral,"Neural Networks, AI Ethics, Deep Learning",https://example.com/news/148
Tech News 149: Breakthrough in Artificial Intelligence,TechCrunch,2023-01-08,Recent advancements in Artificial Intelligence highlight key developments and future trends.,Cybersecurity,Negative,"5G Networks, AI Ethics, Cybersecurity Threats",https://example.com/news/149
Tech News 150: Breakthrough in Blockchain,Forbes,2023-10-24,Recent advancements in Artificial Intelligence highlight key developments and future trends.,Autonomous Vehicles,Neutral,"AI Ethics, Cybersecurity Threats, Neural Networks",https://example.com/news/150
Tech News 151: Breakthrough in Big Data,VentureBeat,2023-05-05,Recent advancements in Autonomous Vehicles highlight key developments and future trends.,Cybersecurity,Neutral,"Deep Learning, AI Ethics, 5G Networks",https://example.com/news/151
Tech News 152: Breakthrough in Quantum Computing,Forbes,2020-10-14,Recent advancements in Autonomous Vehicles highlight key developments and future trends.,Blockchain,Negative,"Tech Regulation, Deep Learning, 5G Networks",https://example.com/news/152
Tech News 153: Breakthrough in Autonomous Vehicles,Forbes,2023-09-27,Recent advancements in Autonomous Vehicles highlight key developments and future trends.,Big Data,Positive,"Tech Regulation, Deep Learning, 5G Networks",https://example.com/news/153
Tech News 154: Breakthrough in Quantum Computing,MIT Tech Review,2021-07-26,Recent advancements in Tech Startups highlight key developments and future trends.,Quantum Computing,Negative,"5G Networks, Neural Networks, Deep Learning",https://example.com/news/154
Tech News 155: Breakthrough in Cybersecurity,TechCrunch,2023-11-13,Recent advancements in Cybersecurity highlight key developments and future trends.,Big Data,Positive,"5G Networks, AI Ethics, Cybersecurity Threats",https://example.com/news/155
Tech News 156: Breakthrough in Cybersecurity,TechCrunch,2022-01-14,Recent advancements in Blockchain highlight key developments and future trends.,Big Data,Negative,"Tech Regulation, AI Ethics, Neural Networks",https://example.com/news/156
Tech News 157: Breakthrough in Artificial Intelligence,Wired,2022-01-19,Recent advancements in Tech Startups highlight key developments and future trends.,Cybersecurity,Negative,"Neural Networks, 5G Networks, Deep Learning",https://example.com/news/157
Tech News 158: Breakthrough in Big Data,BBC Tech,2021-07-25,Recent advancements in Autonomous Vehicles highlight key developments and future trends.,Cloud Computing,Positive,"AI Ethics, 5G Networks, Deep Learning",https://example.com/news/158
Tech News 159: Breakthrough in Quantum Computing,TechCrunch,2022-04-28,Recent advancements in Cybersecurity highlight key developments and future trends.,Autonomous Vehicles,Positive,"AI Ethics, Neural Networks, Tech Regulation",https://example.com/news/159
Tech News 160: Breakthrough in Cloud Computing,Ars Technica,2024-04-22,Recent advancements in Cybersecurity highlight key developments and future trends.,Big Data,Positive,"Tech Regulation, Neural Networks, Deep Learning",https://example.com/news/160
Tech News 161: Breakthrough in Cybersecurity,Forbes,2023-08-25,Recent advancements in Cybersecurity highlight key developments and future trends.,Cybersecurity,Neutral,"Cybersecurity Threats, AI Ethics, Neural Networks",https://example.com/news/161
Tech News 162: Breakthrough in Autonomous Vehicles,TechCrunch,2023-01-02,Recent advancements in Tech Startups highlight key developments and future trends.,Cybersecurity,Neutral,"Tech Regulation, Deep Learning, 5G Networks",https://example.com/news/162
Tech News 163: Breakthrough in Cloud Computing,The Verge,2020-09-28,Recent advancements in Tech Startups highlight key developments and future trends.,Cloud Computing,Positive,"AI Ethics, Cybersecurity Threats, Neural Networks",https://example.com/news/163
Tech News 164: Breakthrough in Autonomous Vehicles,Forbes,2020-04-09,Recent advancements in Cybersecurity highlight key developments and future trends.,Artificial Intelligence,Negative,"Deep Learning, 5G Networks, AI Ethics",https://example.com/news/164
Tech News 165: Breakthrough in Blockchain,Forbes,2021-03-14,Recent advancements in Tech Startups highlight key developments and future trends.,Cybersecurity,Positive,"Cybersecurity Threats, 5G Networks, Tech Regulation",https://example.com/news/165
Tech News 166: Breakthrough in Artificial Intelligence,Forbes,2022-08-16,Recent advancements in Tech Startups highlight key developments and future trends.,Quantum Computing,Positive,"Neural Networks, Cybersecurity Threats, AI Ethics",https://example.com/news/166
Tech News 167: Breakthrough in Cybersecurity,TechCrunch,2022-11-13,Recent advancements in Cloud Computing highlight key developments and future trends.,Cloud Computing,Negative,"Neural Networks, Deep Learning, AI Ethics",https://example.com/news/167
Tech News 168: Breakthrough in Big Data,Forbes,2022-02-25,Recent advancements in Cloud Computing highlight key developments and future trends.,Big Data,Neutral,"Neural Networks, Cybersecurity Threats, Deep Learning",https://example.com/news/168
Tech News 169: Breakthrough in Cloud Computing,MIT Tech Review,2021-11-06,Recent advancements in Cybersecurity highlight key developments and future trends.,Blockchain,Negative,"Tech Regulation, 5G Networks, Deep Learning",https://example.com/news/169
Tech News 170: Breakthrough in Cybersecurity,VentureBeat,2024-06-13,Recent advancements in Cloud Computing highlight key developments and future trends.,Autonomous Vehicles,Neutral,"AI Ethics, Neural Networks, Cybersecurity Threats",https://example.com/news/170
Tech News 171: Breakthrough in Blockchain,The Verge,2020-10-27,Recent advancements in Blockchain highlight key developments and future trends.,Blockchain,Neutral,"Neural Networks, Deep Learning, AI Ethics",https://example.com/news/171
Tech News 172: Breakthrough in Autonomous Vehicles,Ars Technica,2024-02-23,Recent advancements in Cybersecurity highlight key developments and future trends.,Autonomous Vehicles,Neutral,"5G Networks, Tech Regulation, Neural Networks",https://example.com/news/172
Tech News 173: Breakthrough in Blockchain,The Verge,2022-03-02,Recent advancements in Autonomous Vehicles highlight key developments and future trends.,Cybersecurity,Positive,"Tech Regulation, Deep Learning, Cybersecurity Threats",https://example.com/news/173
Tech News 174: Breakthrough in Artificial Intelligence,The Verge,2022-01-21,Recent advancements in Big Data highlight key developments and future trends.,Tech Startups,Negative,"Cybersecurity Threats, AI Ethics, Tech Regulation",https://example.com/news/174
Tech News 175: Breakthrough in Cloud Computing,TechCrunch,2021-03-24,Recent advancements in Quantum Computing highlight key developments and future trends.,Cloud Computing,Negative,"Cybersecurity Threats, Neural Networks, Deep Learning",https://example.com/news/175
Tech News 176: Breakthrough in Cloud Computing,MIT Tech Review,2020-11-25,Recent advancements in Tech Startups highlight key developments and future trends.,Cybersecurity,Negative,"Neural Networks, 5G Networks, Tech Regulation",https://example.com/news/176
Tech News 177: Breakthrough in Autonomous Vehicles,Ars Technica,2021-05-28,Recent advancements in Big Data highlight key developments and future trends.,Cybersecurity,Negative,"Deep Learning, 5G Networks, Neural Networks",https://example.com/news/177
Tech News 178: Breakthrough in Blockchain,MIT Tech Review,2024-01-19,Recent advancements in Autonomous Vehicles highlight key developments and future trends.,Artificial Intelligence,Positive,"5G Networks, Cybersecurity Threats, Neural Networks",https://example.com/news/178
Tech News 179: Breakthrough in Quantum Computing,The Verge,2023-09-08,Recent advancements in Cybersecurity highlight key developments and future trends.,Cloud Computing,Positive,"Cybersecurity Threats, 5G Networks, AI Ethics",https://example.com/news/179
Tech News 180: Breakthrough in Big Data,VentureBeat,2020-10-22,Recent advancements in Autonomous Vehicles highlight key developments and future trends.,Blockchain,Positive,"5G Networks, Neural Networks, Deep Learning",https://example.com/news/180
Tech News 181: Breakthrough in Tech Startups,MIT Tech Review,2021-08-15,Recent advancements in Big Data highlight key developments and future trends.,Autonomous Vehicles,Neutral,"AI Ethics, Neural Networks, Deep Learning",https://example.com/news/181
Tech News 182: Breakthrough in Artificial Intelligence,The Verge,2022-06-18,Recent advancements in Blockchain highlight key developments and future trends.,Blockchain,Negative,"Tech Regulation, 5G Networks, AI Ethics",https://example.com/news/182
Tech News 183: Breakthrough in Tech Startups,Ars Technica,2020-02-03,Recent advancements in Blockchain highlight key developments and future trends.,Cybersecurity,Negative,"Tech Regulation, AI Ethics, 5G Networks",https://example.com/news/183
Tech News 184: Breakthrough in Cloud Computing,BBC Tech,2024-04-07,Recent advancements in Big Data highlight key developments and future trends.,Cloud Computing,Neutral,"Tech Regulation, 5G Networks, Deep Learning",https://example.com/news/184
Tech News 185: Breakthrough in Cybersecurity,Ars Technica,2021-12-09,Recent advancements in Big Data highlight key developments and future trends.,Big Data,Negative,"Tech Regulation, AI Ethics, 5G Networks",https://example.com/news/185
Tech News 186: Breakthrough in Cybersecurity,VentureBeat,2021-10-03,Recent advancements in Autonomous Vehicles highlight key developments and future trends.,Artificial Intelligence,Positive,"Tech Regulation, Neural Networks, AI Ethics",https://example.com/news/186
Tech News 187: Breakthrough in Cybersecurity,Ars Technica,2022-12-06,Recent advancements in Blockchain highlight key developments and future trends.,Quantum Computing,Positive,"Tech Regulation, 5G Networks, Neural Networks",https://example.com/news/187
Tech News 188: Breakthrough in Quantum Computing,TechCrunch,2023-07-02,Recent advancements in Artificial Intelligence highlight key developments and future trends.,Cybersecurity,Neutral,"Deep Learning, AI Ethics, Cybersecurity Threats",https://example.com/news/188
Tech News 189: Breakthrough in Tech Startups,The Verge,2024-06-24,Recent advancements in Quantum Computing highlight key developments and future trends.,Cybersecurity,Neutral,"Deep Learning, Tech Regulation, 5G Networks",https://example.com/news/189
Tech News 190: Breakthrough in Cybersecurity,Wired,2024-10-12,Recent advancements in Big Data highlight key developments and future trends.,Tech Startups,Negative,"Tech Regulation, 5G Networks, Cybersecurity Threats",https://example.com/news/190
Tech News 191: Breakthrough in Cloud Computing,The Verge,2022-02-03,Recent advancements in Cybersecurity highlight key developments and future trends.,Blockchain,Positive,"AI Ethics, 5G Networks, Cybersecurity Threats",https://example.com/news/191
Tech News 192: Breakthrough in Tech Startups,Forbes,2020-07-21,Recent advancements in Blockchain highlight key developments and future trends.,Tech Startups,Negative,"5G Networks, Neural Networks, AI Ethics",https://example.com/news/192
Tech News 193: Breakthrough in Cloud Computing,TechCrunch,2024-10-06,Recent advancements in Blockchain highlight key developments and future trends.,Blockchain,Negative,"Tech Regulation, Deep Learning, Cybersecurity Threats",https://example.com/news/193
Tech News 194: Breakthrough in Cloud Computing,Ars Technica,2023-05-25,Recent advancements in Cloud Computing highlight key developments and future trends.,Quantum Computing,Neutral,"Neural Networks, Tech Regulation, 5G Networks",https://example.com/news/194
Tech News 195: Breakthrough in Blockchain,Ars Technica,2021-01-05,Recent advancements in Quantum Computing highlight key developments and future trends.,Autonomous Vehicles,Negative,"Cybersecurity Threats, AI Ethics, Deep Learning",https://example.com/news/195
Tech News 196: Breakthrough in Blockchain,MIT Tech Review,2020-02-07,Recent advancements in Cybersecurity highlight key developments and future trends.,Artificial Intelligence,Negative,"AI Ethics, Deep Learning, Neural Networks",https://example.com/news/196
Tech News 197: Breakthrough in Autonomous Vehicles,The Verge,2022-01-20,Recent advancements in Cloud Computing highlight key developments and future trends.,Cybersecurity,Neutral,"Tech Regulation, 5G Networks, Neural Networks",https://example.com/news/197
Tech News 198: Breakthrough in Quantum Computing,Ars Technica,2022-05-24,Recent advancements in Cybersecurity highlight key developments and future trends.,Tech Startups,Positive,"5G Networks, Cybersecurity Threats, AI Ethics",https://example.com/news/198
Tech News 199: Breakthrough in Tech Startups,MIT Tech Review,2020-12-02,Recent advancements in Blockchain highlight key developments and future trends.,Artificial Intelligence,Neutral,"Neural Networks, AI Ethics, Cybersecurity Threats",https://example.com/news/199
Tech News 200: Breakthrough in Blockchain,BBC Tech,2023-05-12,Recent advancements in Tech Startups highlight key developments and future trends.,Quantum Computing,Negative,"Neural Networks, Deep Learning, Cybersecurity Threats",https://example.com/news/200
